{
  "Afghanistan": ["Kabul", "Kandahar"],
  "Albania": ["Tirana"],
  "Algeria": ["Algiers"],
  "Andorra": ["Andorra la Vella"],
  "Angola" : ["Luanda"],
  "Anguilla": ["The Valley"],
  "Argentina": ["Bahía Blanca", "Buenos Aires", "Ciudad del Este", "Córdoba", "Mendoza", "Rosario",
    "San Carlos de Bariloche", "Ushuaia"],
  "Armenia": ["Yerevan"],
  "Aruba": ["Oranjestad"],
  "Austria": ["Graz", "Innsbruck", "Linz", "Salzburg", "Vienna"],
  "Australia": ["Mandurah", "Perth", "Port Hedland", "Darwin", "Adelaide", "Brisbane", "Cairns", "Canberra",
    "Douglas", "Geelong", "Gold Coast", "Hobart", "Melbourne", "Rockhampton", "Sydney", "Townsville", "Wollongong"],
  "Azerbaijan": ["Baku", "Stepanakert"],

  "Bahrain": ["Manama"],
  "Bangladesh": ["Chittagong", "Dhaka"],
  "Barbados": ["Bridgetown"],
  "Belize": ["Belize City", "Belmopan"],
  "Belgium":["Antwerp", "Brussels"],
  "Belarus": ["Minsk"],
  "Benin": ["Cotonou", "Porto-Novo"],
  "Bermuda": ["Hamilton"],
  "Bhutan": ["Thimphu"],
  "Bolivia": ["La Paz", "Santa Cruz de la Sierra", "Sucre"],
  "Bosnia and Herzegovina": ["Sarajevo"],
  "Botswana": ["Francistown", "Gaborone"],
  "Brazil": ["Belém", "Bern", "Boa Vista", "Brasília", "Campinas", "Campo Grande", "Chuí", "Cuiabá", "Curitiba",
    "Fortaleza", "Ilhéus", "Macapá", "Maceió", "Manaus", "Pelotas", "Porto Alegre", "Porto", "Porto Velho", "Praia",
    "Recife", "Rio Branco", "Rio de Janeiro", "São José dos Campos", "São Paulo", "São Tomé", "Vitória"],
  "British Virgin Islands": ["Road Town"],
  "Brunei": ["Bandar Seri Begawan"],
  "Bulgaria":["Sofia"],
  "Burkina Faso": ["Ouagadougou"],
  "Burundi": ["Bujumbura"],

  "Cambodia": ["Lanzhou",  "Phnom Penh", "Siem Reap"],
  "Cameron": ["Douala", "Yaoundé"],
  "Canada": ["Calgary", "Charlottetown", "Edmonton", "Fredericton", "Montreal", "Ottawa", "Iqaluit", "Regina",
    "Saskatoon", "St. John's", "Toronto", "Vancouver", "Whitehorse", "Winnipeg", "Yellowknife"],
  "Chad": ["N'Djamena"],
  "Central African Republic": ["Bangui"],
  "Chile": ["Antofagasta", "Calama", "Chengdu","Concepción", "Hanga Roa", "Iquique", "La Serena", "Puerto Williams",
    "Punta Arenas", "Santiago", "Valdivia", "Valparaíso"],
  "China": ["Beijing", "Changchun", "Chengdu", "Chongqing", "Dalian", "Dongguan", "Guangzhou", "Handan", "Hangzhou",
    "Harbin", "Jinan", "Kunming", "Nanjing", "Nanning", "Lanzhou", "Lhasa", "Qingdao", "Shanghai", "Shenzhen",
    "Shenyang", "Shigatse", "Shijiazhuang", "Taiyuan", "Tianjin", "Ürümqi", "Wuhan", "Xi'an", "Xining", "Zhengzhou"],
  "Columbia": ["Barranquilla", "Bogotá", "Cali", "Cartagena", "Medellín"],
  "Comoros": ["Moroni"],
  "Cook Islands": ["Avarua"],
  "Costa Rica" : ["San José"],
  "Côte d'Ivoire": ["Abidjan", "Yamoussoukro"],
  "Croatia": ["Split","Zagreb"],
  "Cuba": ["City of Halifax", "Havana", "Santiago de Cuba", "Quebec City"],
  "Czech Republic": ["Prague"],
  "Cyprus": ["Nicosia"],

  "Denmark": ["Aarhus", "Copenhagen"],
  "Democratic Republic of the Congo": ["Kinshasa", "Lubumbashi"],
  "Djibouti": ["Djibouti"],
  "Dominica": ["Roseau"],
  "Dominican Republic": ["Santo Domingo"],

  "Ecuador": ["Guayaquil", "Quito"],
  "Eqypt": ["Alexandria", "Cairo", "Luxor", "Port Said", "Suez"],
  "El Salvador": ["San Salvador"],
  "Eritrea": ["Asmara"],
  "Estonia": ["Tallinn"],
  "Ethiopia": ["Addis Ababa"],

  "Faroe Islands": ["Tórshavn"],
  "Federated States of Micronesia": ["Palikir","Weno"],
  "Fiji": ["Labasa", "Suva", "Rabi Island"],
  "Finland": ["Espoo", "Helsinki", "Tampere"],
  "France": ["Cannes", "Lyon", "Marseille", "Nantes", "Nice", "Paris", "Strasbourg", "Toulouse"],
  "French Guiana": ["Cayenne"],
  "French Polynesia": ["Papeete"],

  "Gabon": ["Libreville"],
  "Georgia": ["Sukhumi", "Tbilisi", "Tskhinvali"],
  "Germany": ["Berlin", "Cologne", "Dresden", "Düsseldorf", "Frankfurt", "Hamburg", "Hanover", "Leipzig", "Munich",
    "Stuttgart"],
  "Ghana": ["Accra", "Tamale"],
  "Gibraltar": ["Gibraltar"],
  "Greece": ["Athens", "Thessaloniki"],
  "Greenland": ["Nuuk"],
  "Grenada": ["Saint John", "St. George's"],
  "Guadeloupe": ["Basse-Terre"],
  "Guatemala": ["Guatemala City", "Quetzaltenango"],
  "Guinea": ["Conakry"],
  "Guinea-Bissau": ["Bissau"],

  "Haiti":["Port-au-Prince"],
  "Honduras": ["Tegucigalpa"],
  "Hong Kong": ["Hong Kong", "Stanley"],
  "Hungary": ["Budapest"],

  "Iceland": ["Reykjavík"],
  "India": ["Ahmedabad", "Amritsar", "Agartala", "Bangalore", "Chennai", "Dibrugarh", "Hyderabad", "Gangtok",
    "Guwahati", "Jaipur", "Kolkata", "Lucknow", "Ludhiana", "Nagpur", "New Delhi", "Mumbai", "Patna", "Port Blair",
    "Pune", "Shillong", "Srinagar", "Surat"],
  "Indonesia": ["Ambon", "Banda Aceh", "Bandung", "Balikpapan", "Bogor", "Denpasar", "Jakarta", "Jayapura",
    "Makassar", "Malang", "Medan", "Padang", "Palembang", "Pekanbaru", "Pontianak", "Semarang", "Surabaya",
    "Yogyakarta"],
  "Iran": ["Mashhad", "Tabriz", "Tehran"],
  "Iraq": ["Arbil", "Baghdad", "Basra"],
  "Ireland": ["Cork", "Dublin"],
  "Israel": ["Jerusalem", "Tel Aviv"],
  "Italy": ["Assis", "Milan", "Naples", "Rome", "Turin"],

  "Jamaica": ["Kingston"],
  "Japan": ["Fukuoka", "Hiroshima", "Kawasaki", "Kobe", "Kyoto", "Nagoya", "Okinawa", "Osaka", "Sapporo", "Tokyo",
    "Yokohama"],
  "Jordan": ["Amman"],

  "Kazakhstan": ["Almaty", "Astana"],
  "Kenya": ["Nairobi"],
  "Kiribati": ["South Tarawa"],
  "Kosovo": ["Pristina"],
  "Kuwait": ["Kuwait City"],
  "Kyrgyzstan": ["Bishkek"],

  "Laos": ["Vientiane"],
  "Latvia": ["Riga"],
  "Lebanon": ["Beirut"],
  "Lesotho": ["Maseru"],
  "Liberia": ["Monrovia"],
  "Libya": ["Sabha", "Tripoli"],
  "Liechtenstein": ["Vaduz"],
  "Lithuania": ["Vilnius"],
  "Luxembourg": ["Luxembourg"],

  "Macedonia": ["Skopje"],
  "Macau": ["Macau"],
  "Madagascar": [ "Antananarivo"],
  "Malaysia": ["Alor Star", "George Town", "Ipoh", "Johor Bahru", "Kota Bharu", "Kota Kinabalu", "Kuala Lumpur",
    "Kuching", "Malacca Town", "Miri"],
  "Malawi": ["Blantyre", "Lilongwe"],
  "Mali": ["Bamako", "Dili", "Koulikoro", "Timbuktu"],
  "Malta": ["Birkirkara", "Valletta"],
  "Marshall Islands": ["Majuro"],
  "Martinique": ["Fort-de-France"],
  "Mauritania": ["Nouakchott"],
  "Mauritius": ["Port Louis"],
  "Mayotte": ["Mamoudzou"],
  "Mexico": ["Chihuahua", "Durango", "Guadalajara", "Mérida", "Mexicali", "Mexico City", "Monterrey", "Puebla",
    "Tijuana", "Veracruz", "Zapopan"],
  "Moldova": ["Chişinău", "Tiraspol"],
  "Monaco": ["Monaco"],
  "Mongolia": ["Ulan Bator"],
  "Montenegro": ["Podgorica"],
  "Morocco": ["Casablanca", "Marrakech", "Rabat"],
  "Mozambique": ["Maputo"],
  "Myanmar": ["Naypyidaw", "Yangon"],

  "Nauru": ["Yaren District"],
  "Nepal": ["Kathmandu"],
  "Netherlands Antilles": ["Willemstad"],
  "Netherlands": ["Amsterdam", "Rotterdam", "The Hague"],
  "New Caledonia": ["Nouméa"],
  "New Zealand": ["Auckland", "Christchurch", "Dunedin", "Invercargill" ,"Wellington"],
  "Nicaragua": ["Managua"],
  "Niger": ["Niamey"],
  "Nigeria": ["Abuja", "Enugu", "Ibadan", "Kano", "Lagos"],
  "Niue": ["Alofi"],
  "Norway": ["Bergen", "Oslo"],
  "Horth Korea": ["Chongjin", "Kaesong", "Pyongyang", "Wonsan"],

  "Oman": ["Muscat"],

  "Palau": ["Melekeok"],
  "Palestine": ["Gaza"],
  "Pakistan": ["Faisalabad", "Islamabad", "Karachi", "Lahore", "Multan", "Peshawar", "Rawalpindi"],
  "Panama": ["Panapa City"],
  "Paraguay": ["Asunción"],
  "Papua New Guinea": ["Port Moresby"],
  "Peru": ["Arequipa", "Cusco", "Iquitos", "Lima"],
  "Philippines": ["Cebu City", "Davao City", "Iloilo City", "Makati City", "Malabo", "Manila", "Quezon City",
    "Tagbilaran", "Zamboanga City"],
  "Poland": ["Gdańsk", "Kraków", "Warsaw"],
  "Portugal": ["Angra do Heroísmo", "Horta (Azores)", "Lisbon", "Ponta Delgada"],
  "Puerto Rico": ["San Juan"],

  "Qatar": ["Doha"],

  "Republic of the Congo": ["Brazzaville"],
  "Republic of Maldives": ["Malé"],
  "Republic of Palau": ["Koror"],
  "Réunion": ["Saint-Denis", "Saint-Pierre"],
  "Romania": ["Bucharest"],
  "Russia": ["Anadyr", "Bratsk", "Kaliningrad", "Magadan", "Moscow", "Murmansk", "Nizhny Novgorod", "Norilsk",
    "Novosibirsk", "Omsk", "Perm", "Petropavlovsk-Kamchatsky", "Saint Petersburg", "Samara", "Vladivostok", "Yakutsk",
    "Yekaterinburg"],
  "Rwanda": ["Kigali"],

  "Saint Vincent and the Grenadines": ["Kingstown"],
  "Samoa": ["Apia"],
  "San Marino": ["City of San Marino"],
  "Saudi Arabia": ["Dammam", "Jeddah", "Mecca", "Medina", "Riyadh"],
  "Senegal": ["Dakar", "Thiès"],
  "Serbia": ["Belgrade"],
  "Sierra Leone": ["Freetown"],
  "Singapore": ["Singapore"],
  "Slovakia": ["Bratislava"],
  "Slovenia": ["Ljubljana"],
  "Somalia": ["Hargeisa", "Mogadishu"],
  "Solomon Islands": ["Honiara"],
  "South Africa": ["Bloemfontein", "Cape Town", "Durban", "Johannesburg", "Port Elizabeth", "Pretoria"],
  "South Korea": ["Busan", "Daegu"],
  "Spain": ["Barcelona", "Bilbao", "Ibiza", "Las Palmas de Gran Canaria", "Madrid", "Málaga", "Palma",
    "Santa Cruz de Tenerife", "Seville", "Valencia"],
  "Sri Lanka": ["Batticaloa", "Colombo", "Kandy", "Sri Jayawardenapura-Kotte"],
  "St. Lucia": ["Castries"],
  "Suriname": ["Paramaribo"],
  "Sudan": ["Khartoum", "Omdurman"],
  "Svalbard and Jan Mayen": ["Longyearbyen"],
  "Sweden": ["Gothenburg", "Malmö", "Stockholm"],
  "Swaziland": ["Lobamba" , "Manzini", "Mbabane"],
  "Switzerland": ["Geneva", "Zürich"],
  "Syria": ["Damascus", "Tartu"],

  "Tajikistan": ["Dushanbe"],
  "Taiwan": ["Kaohsiung", "Taichung", "Taipei"],
  "Tanzania": ["Dar es Salaam", "Dodoma", "Mwanza", "Zanzibar City"],
  "Thailand": ["Bangkok", "Chiang Mai", "Hat Yai", "Nakhon Ratchasima", "Pattaya", "Phuket", "Surat Thani",
    "Udon Thani"],
  "The Bahamas": ["Nassau"],
  "The Gambia": ["Banjul", "Brikama", "Serekunda"],
  "Togo": ["Lomé"],
  "Tonga": ["Nukuʻalofa"],
  "Trinidad and Tobago": ["Chaguanas", "Port of Spain", "San Fernando"],
  "Tunisia": ["Tunis"],
  "Turkey": ["Adana", "Ankara", "Bursa", "Gaziantep", "Istanbul", "İzmir", "Konya", "Mersin"],
  "Turkmenistan": ["Ashgabat"],
  "Turks and Caicos Islands": ["Cockburn Town"],
  "Tuvalu": ["Funafuti","Nukulaelae"],

  "Ukraine": ["Kharkiv","Kiev", "Lviv", "Odessa", "Simferopol"],
  "United Arab Emirates": ["Abu Dhabi", "Dubai"],
  "United Kingdom": ["Aberdeen", "Belfast", "Birmingham", "Cardiff", "Glasgow", "Greenwich", "Edinburgh", "Leeds",
    "Liverpool", "London", "Manchester", "Newcastle"],
  "United States": ["Adak", "Adamstown", "Albuquerque", "Anchorage", "Atlanta", "Austin", "Baltimore", "Boston",
    "Buffalo", "Charlotte", "Charlotte Amalie" ,"Chicago", "Cincinnati", "Cleveland", "Columbus", "Dededo", "Dallas",
    "Denver", "Detroit", "Fairbanks", "Forked River", "Hagåtña", "El Paso", "Indianapolis", "Jacksonville", "Jamestown",
    "Jersey City", "Juneau", "Hilo", "Honolulu", "Houston", "Kansas City", "Las Vegas", "Los Angeles", "Louisville",
    "Nashville", "New Orleans", "Memphis", "Miami", "Milwaukee", "Minneapolis", "New York City", "Oklahoma City",
    "Pago Pago", "Philadelphia", "Phoenix", "Pittsburgh", "Portland", "Providence", "Raleigh", "Rochester", "Riverside",
    "Sacramento", "Saipan", "Salt Lake City", "San Antonio", "San Diego", "San Francisco", "Seattle", "Sitka",
    "St. Louis", "Tampa", "Tucson", "Virginia Beach", "Washington", "Wichita"],
  "Uruguay": ["Montevideo"],
  "Uzbekistan": ["Namangan", "Tashkent"],

  "Vanuatu": ["Port Vila"],
  "Vatican": ["Vatican City"],
  "Venezuela": ["Caracas", "Maracaibo"],
  "Vietnam": ["Da Nang", "Hai Phong", "Hanoi", "Ho Chi Minh City", "Huế"],

  "Western Sahara": ["El Aaiún"],
  "Wallis and Futuna": ["Mata-Utu"],

  "Yemen": ["Sana'a"],

  "Zambia": ["Livingstone", "Lusaka", "Ndola"],
  "Zimbabwe": ["Bulawayo", "Harare"]
}
